id,task,framework,constraint,fold,result,metric,mode,version,params,app_version,utc,duration,training_duration,predict_duration,models_count,seed,info,acc,auc,balacc,logloss,mae,models,models_ensemble_count,r2,rmse,tag
openml.org/t/190411,ada,H2OAutoML_pull_5274,1h8c,0,0.934295,auc,aws,3.33.0.99999,"{'_save_artifacts': ['leaderboard', 'logs', 'model_predictions', 'models[binary]', 'models[json]'], 'verbosity': 'debug'}","dev [master, 24f7370]",2021-01-29T09:19:53,2485.7,2456.5,0,62,437619949,,0.877108,0.934295,0.843478,0.277138,,,,,,
openml.org/t/190411,ada,H2OAutoML_pull_5274_exclude_dl,1h8c,0,0.936426,auc,aws,3.33.0.99999,"{'exclude_algos': ['DeepLearning'], '_save_artifacts': ['leaderboard', 'logs', 'model_predictions', 'models[binary]', 'models[json]'], 'verbosity': 'debug'}","dev [master, 24f7370]",2021-01-29T08:42:14,149.9,120.7,0.3,63,1147936299,,0.86747,0.936426,0.850075,0.286468,,,,,,
openml.org/t/7592,adult,H2OAutoML_pull_5274,1h8c,0,0.930616,auc,aws,3.33.0.99999,"{'_save_artifacts': ['leaderboard', 'logs', 'model_predictions', 'models[binary]', 'models[json]'], 'verbosity': 'debug'}","dev [master, 24f7370]",2021-01-29T09:26:32,2794.4,2733.1,0.9,84,437619949,,0.868168,0.930616,0.826572,0.28913,,,,,,
openml.org/t/7592,adult,H2OAutoML_pull_5274_exclude_dl,1h8c,0,0.931879,auc,aws,3.33.0.99999,"{'exclude_algos': ['DeepLearning'], '_save_artifacts': ['leaderboard', 'logs', 'model_predictions', 'models[binary]', 'models[json]'], 'verbosity': 'debug'}","dev [master, 24f7370]",2021-01-29T09:17:33,2269.7,2174,0.5,189,1147936299,,0.869396,0.931879,0.829724,0.287582,,,,,,
openml.org/t/189354,Airlines,H2OAutoML_pull_5274,1h8c,0,0.732141,auc,aws,3.33.0.99999,"{'_save_artifacts': ['leaderboard', 'logs', 'model_predictions', 'models[binary]', 'models[json]'], 'verbosity': 'debug'}","dev [master, 24f7370]",2021-01-29T09:41:23,3641,3495.5,12.2,35,437619949,,0.619496,0.732141,0.641017,0.598901,,,,,,
openml.org/t/189354,Airlines,H2OAutoML_pull_5274_exclude_dl,1h8c,0,0.732635,auc,aws,3.33.0.99999,"{'exclude_algos': ['DeepLearning'], '_save_artifacts': ['leaderboard', 'logs', 'model_predictions', 'models[binary]', 'models[json]'], 'verbosity': 'debug'}","dev [master, 24f7370]",2021-01-29T09:35:25,3317.2,3200.6,3.8,41,1147936299,,0.620367,0.732635,0.64152,0.598565,,,,,,
openml.org/t/189356,Albert,H2OAutoML_pull_5274,1h8c,0,0.74411,auc,aws,3.33.0.99999,"{'_save_artifacts': ['leaderboard', 'logs', 'model_predictions', 'models[binary]', 'models[json]'], 'verbosity': 'debug'}","dev [master, 24f7370]",2021-01-29T09:49:43,4133.4,3769,2.2,12,437619949,,0.649915,0.74411,0.649915,0.5965,,,,,,
openml.org/t/189356,Albert,H2OAutoML_pull_5274_exclude_dl,1h8c,0,0.754265,auc,aws,3.33.0.99999,"{'exclude_algos': ['DeepLearning'], '_save_artifacts': ['leaderboard', 'logs', 'model_predictions', 'models[binary]', 'models[json]'], 'verbosity': 'debug'}","dev [master, 24f7370]",2021-01-29T09:41:41,3679.1,3308.2,2.9,18,1147936299,,0.654901,0.754265,0.654901,0.587851,,,,,,
openml.org/t/34539,Amazon_employee_access,H2OAutoML_pull_5274,1h8c,0,0.877532,auc,aws,3.33.0.99999,"{'_save_artifacts': ['leaderboard', 'logs', 'model_predictions', 'models[binary]', 'models[json]'], 'verbosity': 'debug'}","dev [master, 24f7370]",2021-01-29T09:41:14,3667.9,3445,26.7,175,437619949,,0.951175,0.877532,0.64626,0.154755,,,,,,
openml.org/t/34539,Amazon_employee_access,H2OAutoML_pull_5274_exclude_dl,1h8c,0,0.883192,auc,aws,3.33.0.99999,"{'exclude_algos': ['DeepLearning'], '_save_artifacts': ['leaderboard', 'logs', 'model_predictions', 'models[binary]', 'models[json]'], 'verbosity': 'debug'}","dev [master, 24f7370]",2021-01-29T09:34:02,3172.8,3054.8,0.7,250,1147936299,,0.95209,0.883192,0.671582,0.150211,,,,,,
openml.org/t/168868,APSFailure,H2OAutoML_pull_5274,1h8c,0,0.990839,auc,aws,3.33.0.99999,"{'_save_artifacts': ['leaderboard', 'logs', 'model_predictions', 'models[binary]', 'models[json]'], 'verbosity': 'debug'}","dev [master, 24f7370]",2021-01-29T09:38:11,3427.3,3351.2,0.3,32,437619949,,0.993816,0.990839,0.889372,0.0176008,,,,,,
openml.org/t/168868,APSFailure,H2OAutoML_pull_5274_exclude_dl,1h8c,0,0.990224,auc,aws,3.33.0.99999,"{'exclude_algos': ['DeepLearning'], '_save_artifacts': ['leaderboard', 'logs', 'model_predictions', 'models[binary]', 'models[json]'], 'verbosity': 'debug'}","dev [master, 24f7370]",2021-01-29T09:36:38,3265.2,3191.5,0.3,35,1147936299,,0.995132,0.990224,0.90079,0.0159279,,,,,,
openml.org/t/190412,arcene,H2OAutoML_pull_5274,1h8c,0,0.791667,auc,aws,3.33.0.99999,"{'_save_artifacts': ['leaderboard', 'logs', 'model_predictions', 'models[binary]', 'models[json]'], 'verbosity': 'debug'}","dev [master, 24f7370]",2021-01-29T09:37:11,3287,3212.9,1.3,74,437619949,,0.8,0.791667,0.791667,0.445256,,,,,,
openml.org/t/190412,arcene,H2OAutoML_pull_5274_exclude_dl,1h8c,0,0.833333,auc,aws,3.33.0.99999,"{'exclude_algos': ['DeepLearning'], '_save_artifacts': ['leaderboard', 'logs', 'model_predictions', 'models[binary]', 'models[json]'], 'verbosity': 'debug'}","dev [master, 24f7370]",2021-01-29T09:29:34,2867.1,2782.7,0.9,100,1147936299,,0.7,0.833333,0.708333,0.505344,,,,,,
openml.org/t/146818,Australian,H2OAutoML_pull_5274,1h8c,0,0.947368,auc,aws,3.33.0.99999,"{'_save_artifacts': ['leaderboard', 'logs', 'model_predictions', 'models[binary]', 'models[json]'], 'verbosity': 'debug'}","dev [master, 24f7370]",2021-01-29T09:22:47,2460.2,2431.3,0.2,66,437619949,,0.884058,0.947368,0.885823,0.286867,,,,,,
openml.org/t/146818,Australian,H2OAutoML_pull_5274_exclude_dl,1h8c,0,0.934635,auc,aws,3.33.0.99999,"{'exclude_algos': ['DeepLearning'], '_save_artifacts': ['leaderboard', 'logs', 'model_predictions', 'models[binary]', 'models[json]'], 'verbosity': 'debug'}","dev [master, 24f7370]",2021-01-29T08:43:07,47.4,25.7,0.2,28,1147936299,,0.869565,0.934635,0.872666,0.311416,,,,,,
openml.org/t/14965,bank-marketing,H2OAutoML_pull_5274,1h8c,0,0.937641,auc,aws,3.33.0.99999,"{'_save_artifacts': ['leaderboard', 'logs', 'model_predictions', 'models[binary]', 'models[json]'], 'verbosity': 'debug'}","dev [master, 24f7370]",2021-01-29T09:34:47,3194.9,3108.5,1.6,165,437619949,,0.904688,0.937641,0.836156,0.212665,,,,,,
openml.org/t/14965,bank-marketing,H2OAutoML_pull_5274_exclude_dl,1h8c,0,0.938923,auc,aws,3.33.0.99999,"{'exclude_algos': ['DeepLearning'], '_save_artifacts': ['leaderboard', 'logs', 'model_predictions', 'models[binary]', 'models[json]'], 'verbosity': 'debug'}","dev [master, 24f7370]",2021-01-29T09:22:16,2396.8,2306.2,0.5,188,1147936299,,0.903361,0.938923,0.848524,0.210464,,,,,,
openml.org/t/190411,ada,H2OAutoML_pull_5274,1h8c,1,0.938153,auc,aws,3.33.0.99999,"{'_save_artifacts': ['leaderboard', 'logs', 'model_predictions', 'models[binary]', 'models[json]'], 'verbosity': 'debug'}","dev [master, 24f7370]",2021-01-29T09:21:45,2516.7,2487.6,0,54,437619950,,0.879518,0.938153,0.822318,0.271147,,,,,,
openml.org/t/190411,ada,H2OAutoML_pull_5274_exclude_dl,1h8c,1,0.937609,auc,aws,3.33.0.99999,"{'exclude_algos': ['DeepLearning'], '_save_artifacts': ['leaderboard', 'logs', 'model_predictions', 'models[binary]', 'models[json]'], 'verbosity': 'debug'}","dev [master, 24f7370]",2021-01-29T08:42:44,132.1,104.8,0.1,50,1147936300,,0.877108,0.937609,0.843478,0.275371,,,,,,
openml.org/t/7592,adult,H2OAutoML_pull_5274,1h8c,1,0.926792,auc,aws,3.33.0.99999,"{'_save_artifacts': ['leaderboard', 'logs', 'model_predictions', 'models[binary]', 'models[json]'], 'verbosity': 'debug'}","dev [master, 24f7370]",2021-01-29T09:30:03,3080.5,3002.7,0.3,138,437619950,,0.867554,0.926792,0.834083,0.276215,,,,,,
openml.org/t/7592,adult,H2OAutoML_pull_5274_exclude_dl,1h8c,1,0.927705,auc,aws,3.33.0.99999,"{'exclude_algos': ['DeepLearning'], '_save_artifacts': ['leaderboard', 'logs', 'model_predictions', 'models[binary]', 'models[json]'], 'verbosity': 'debug'}","dev [master, 24f7370]",2021-01-29T08:59:56,1197,1137.4,0.7,94,1147936300,,0.873286,0.927705,0.826124,0.290368,,,,,,
openml.org/t/189354,Airlines,H2OAutoML_pull_5274,1h8c,1,0.732532,auc,aws,3.33.0.99999,"{'_save_artifacts': ['leaderboard', 'logs', 'model_predictions', 'models[binary]', 'models[json]'], 'verbosity': 'debug'}","dev [master, 24f7370]",2021-01-29T09:39:45,3639.3,3492.8,11.5,36,437619950,,0.604331,0.732532,0.629558,0.598413,,,,,,
openml.org/t/189354,Airlines,H2OAutoML_pull_5274_exclude_dl,1h8c,1,0.733617,auc,aws,3.33.0.99999,"{'exclude_algos': ['DeepLearning'], '_save_artifacts': ['leaderboard', 'logs', 'model_predictions', 'models[binary]', 'models[json]'], 'verbosity': 'debug'}","dev [master, 24f7370]",2021-01-29T09:35:08,3309.8,3199.4,2.9,39,1147936300,,0.616919,0.733617,0.638255,0.597542,,,,,,
openml.org/t/189356,Albert,H2OAutoML_pull_5274,1h8c,1,0.743423,auc,aws,3.33.0.99999,"{'_save_artifacts': ['leaderboard', 'logs', 'model_predictions', 'models[binary]', 'models[json]'], 'verbosity': 'debug'}","dev [master, 24f7370]",2021-01-29T09:53:03,4250.1,3884.6,2.3,12,437619950,,0.647822,0.743423,0.647822,0.597588,,,,,,
openml.org/t/189356,Albert,H2OAutoML_pull_5274_exclude_dl,1h8c,1,0.76315,auc,aws,3.33.0.99999,"{'exclude_algos': ['DeepLearning'], '_save_artifacts': ['leaderboard', 'logs', 'model_predictions', 'models[binary]', 'models[json]'], 'verbosity': 'debug'}","dev [master, 24f7370]",2021-01-29T09:41:43,3675.9,3304,1.6,17,1147936300,,0.669669,0.76315,0.669669,0.580265,,,,,,
openml.org/t/34539,Amazon_employee_access,H2OAutoML_pull_5274,1h8c,1,0.873783,auc,aws,3.33.0.99999,"{'_save_artifacts': ['leaderboard', 'logs', 'model_predictions', 'models[binary]', 'models[json]'], 'verbosity': 'debug'}","dev [master, 24f7370]",2021-01-29T09:44:00,3824.6,3604.6,24.3,192,437619950,,0.955752,0.873783,0.69091,0.148037,,,,,,
openml.org/t/34539,Amazon_employee_access,H2OAutoML_pull_5274_exclude_dl,1h8c,1,0.876694,auc,aws,3.33.0.99999,"{'exclude_algos': ['DeepLearning'], '_save_artifacts': ['leaderboard', 'logs', 'model_predictions', 'models[binary]', 'models[json]'], 'verbosity': 'debug'}","dev [master, 24f7370]",2021-01-29T09:33:35,3151.4,3035.8,0.7,247,1147936300,,0.954837,0.876694,0.695391,0.148142,,,,,,
openml.org/t/168868,APSFailure,H2OAutoML_pull_5274,1h8c,1,0.988616,auc,aws,3.33.0.99999,"{'_save_artifacts': ['leaderboard', 'logs', 'model_predictions', 'models[binary]', 'models[json]'], 'verbosity': 'debug'}","dev [master, 24f7370]",2021-01-29T09:38:11,3434.5,3358.3,0.3,38,437619950,,0.992237,0.988616,0.856324,0.0232537,,,,,,
openml.org/t/168868,APSFailure,H2OAutoML_pull_5274_exclude_dl,1h8c,1,0.990179,auc,aws,3.33.0.99999,"{'exclude_algos': ['DeepLearning'], '_save_artifacts': ['leaderboard', 'logs', 'model_predictions', 'models[binary]', 'models[json]'], 'verbosity': 'debug'}","dev [master, 24f7370]",2021-01-29T09:36:48,3259.7,3189,0.3,36,1147936300,,0.993289,0.990179,0.867608,0.0221733,,,,,,
openml.org/t/190412,arcene,H2OAutoML_pull_5274,1h8c,1,0.958333,auc,aws,3.33.0.99999,"{'_save_artifacts': ['leaderboard', 'logs', 'model_predictions', 'models[binary]', 'models[json]'], 'verbosity': 'debug'}","dev [master, 24f7370]",2021-01-29T09:35:35,3278.8,3195.3,0.6,94,437619950,,0.6,0.958333,0.5,0.357312,,,,,,
openml.org/t/190412,arcene,H2OAutoML_pull_5274_exclude_dl,1h8c,1,0.958333,auc,aws,3.33.0.99999,"{'exclude_algos': ['DeepLearning'], '_save_artifacts': ['leaderboard', 'logs', 'model_predictions', 'models[binary]', 'models[json]'], 'verbosity': 'debug'}","dev [master, 24f7370]",2021-01-29T09:21:13,2364.7,2313.8,0.6,36,1147936300,,0.6,0.958333,0.5,0.357312,,,,,,
openml.org/t/146818,Australian,H2OAutoML_pull_5274,1h8c,1,0.909168,auc,aws,3.33.0.99999,"{'_save_artifacts': ['leaderboard', 'logs', 'model_predictions', 'models[binary]', 'models[json]'], 'verbosity': 'debug'}","dev [master, 24f7370]",2021-01-29T09:22:08,2458.8,2431.4,0.2,55,437619950,,0.826087,0.909168,0.818336,0.373167,,,,,,
openml.org/t/146818,Australian,H2OAutoML_pull_5274_exclude_dl,1h8c,1,0.91511,auc,aws,3.33.0.99999,"{'exclude_algos': ['DeepLearning'], '_save_artifacts': ['leaderboard', 'logs', 'model_predictions', 'models[binary]', 'models[json]'], 'verbosity': 'debug'}","dev [master, 24f7370]",2021-01-29T08:42:38,47.9,27.1,0.3,29,1147936300,,0.84058,0.91511,0.834465,0.341995,,,,,,
openml.org/t/14965,bank-marketing,H2OAutoML_pull_5274,1h8c,1,0.936861,auc,aws,3.33.0.99999,"{'_save_artifacts': ['leaderboard', 'logs', 'model_predictions', 'models[binary]', 'models[json]'], 'verbosity': 'debug'}","dev [master, 24f7370]",2021-01-29T09:35:32,3228.2,3146.2,0.9,163,437619950,,0.899801,0.936861,0.844666,0.215783,,,,,,
openml.org/t/14965,bank-marketing,H2OAutoML_pull_5274_exclude_dl,1h8c,1,0.935595,auc,aws,3.33.0.99999,"{'exclude_algos': ['DeepLearning'], '_save_artifacts': ['leaderboard', 'logs', 'model_predictions', 'models[binary]', 'models[json]'], 'verbosity': 'debug'}","dev [master, 24f7370]",2021-01-29T09:28:20,2745.9,2649.6,0.5,205,1147936300,,0.895156,0.935595,0.84861,0.214815,,,,,,
openml.org/t/190411,ada,H2OAutoML_pull_5274,1h8c,2,0.895631,auc,aws,3.33.0.99999,"{'_save_artifacts': ['leaderboard', 'logs', 'model_predictions', 'models[binary]', 'models[json]'], 'verbosity': 'debug'}","dev [master, 24f7370]",2021-01-29T09:20:29,2494.7,2467.5,0.2,54,437619951,,0.848193,0.895631,0.798233,0.335395,,,,,,
openml.org/t/190411,ada,H2OAutoML_pull_5274_exclude_dl,1h8c,2,0.89893,auc,aws,3.33.0.99999,"{'exclude_algos': ['DeepLearning'], '_save_artifacts': ['leaderboard', 'logs', 'model_predictions', 'models[binary]', 'models[json]'], 'verbosity': 'debug'}","dev [master, 24f7370]",2021-01-29T08:40:59,97.9,75.1,0.1,33,1147936301,,0.840964,0.89893,0.816187,0.338101,,,,,,
openml.org/t/7592,adult,H2OAutoML_pull_5274,1h8c,2,0.929622,auc,aws,3.33.0.99999,"{'_save_artifacts': ['leaderboard', 'logs', 'model_predictions', 'models[binary]', 'models[json]'], 'verbosity': 'debug'}","dev [master, 24f7370]",2021-01-29T09:25:08,2750.6,2693.9,0.2,87,437619951,,0.871622,0.929622,0.813194,0.290282,,,,,,
openml.org/t/7592,adult,H2OAutoML_pull_5274_exclude_dl,1h8c,2,0.931209,auc,aws,3.33.0.99999,"{'exclude_algos': ['DeepLearning'], '_save_artifacts': ['leaderboard', 'logs', 'model_predictions', 'models[binary]', 'models[json]'], 'verbosity': 'debug'}","dev [master, 24f7370]",2021-01-29T09:20:18,2380.1,2285.7,0.8,185,1147936301,,0.86896,0.931209,0.829643,0.287685,,,,,,
openml.org/t/189354,Airlines,H2OAutoML_pull_5274,1h8c,2,0.73175,auc,aws,3.33.0.99999,"{'_save_artifacts': ['leaderboard', 'logs', 'model_predictions', 'models[binary]', 'models[json]'], 'verbosity': 'debug'}","dev [master, 24f7370]",2021-01-29T09:38:44,3445.8,3324.7,5.1,37,437619951,,0.617512,0.73175,0.638598,0.598945,,,,,,
openml.org/t/189354,Airlines,H2OAutoML_pull_5274_exclude_dl,1h8c,2,0.731284,auc,aws,3.33.0.99999,"{'exclude_algos': ['DeepLearning'], '_save_artifacts': ['leaderboard', 'logs', 'model_predictions', 'models[binary]', 'models[json]'], 'verbosity': 'debug'}","dev [master, 24f7370]",2021-01-29T09:35:30,3309.9,3197.9,4.1,37,1147936301,,0.615807,0.731284,0.637199,0.599206,,,,,,
openml.org/t/189356,Albert,H2OAutoML_pull_5274,1h8c,2,0.746248,auc,aws,3.33.0.99999,"{'_save_artifacts': ['leaderboard', 'logs', 'model_predictions', 'models[binary]', 'models[json]'], 'verbosity': 'debug'}","dev [master, 24f7370]",2021-01-29T09:50:32,4277.9,3909.4,2.2,12,437619951,,0.649092,0.746248,0.649092,0.594993,,,,,,
openml.org/t/189356,Albert,H2OAutoML_pull_5274_exclude_dl,1h8c,2,0.766515,auc,aws,3.33.0.99999,"{'exclude_algos': ['DeepLearning'], '_save_artifacts': ['leaderboard', 'logs', 'model_predictions', 'models[binary]', 'models[json]'], 'verbosity': 'debug'}","dev [master, 24f7370]",2021-01-29T09:42:19,3686.4,3302.9,3.1,20,1147936301,,0.668423,0.766515,0.668423,0.577289,,,,,,
openml.org/t/34539,Amazon_employee_access,H2OAutoML_pull_5274,1h8c,2,0.871478,auc,aws,3.33.0.99999,"{'_save_artifacts': ['leaderboard', 'logs', 'model_predictions', 'models[binary]', 'models[json]'], 'verbosity': 'debug'}","dev [master, 24f7370]",2021-01-29T09:36:42,3313.3,3179.2,0.9,172,437619951,,0.947818,0.871478,0.663602,0.156286,,,,,,
openml.org/t/34539,Amazon_employee_access,H2OAutoML_pull_5274_exclude_dl,1h8c,2,0.87407,auc,aws,3.33.0.99999,"{'exclude_algos': ['DeepLearning'], '_save_artifacts': ['leaderboard', 'logs', 'model_predictions', 'models[binary]', 'models[json]'], 'verbosity': 'debug'}","dev [master, 24f7370]",2021-01-29T09:24:04,2593.5,2497.4,0.5,195,1147936301,,0.949039,0.87407,0.671659,0.157005,,,,,,
openml.org/t/168868,APSFailure,H2OAutoML_pull_5274,1h8c,2,0.99277,auc,aws,3.33.0.99999,"{'_save_artifacts': ['leaderboard', 'logs', 'model_predictions', 'models[binary]', 'models[json]'], 'verbosity': 'debug'}","dev [master, 24f7370]",2021-01-29T09:36:43,3398.3,3325,0.3,39,437619951,,0.994474,0.99277,0.889707,0.019345,,,,,,
openml.org/t/168868,APSFailure,H2OAutoML_pull_5274_exclude_dl,1h8c,2,0.995288,auc,aws,3.33.0.99999,"{'exclude_algos': ['DeepLearning'], '_save_artifacts': ['leaderboard', 'logs', 'model_predictions', 'models[binary]', 'models[json]'], 'verbosity': 'debug'}","dev [master, 24f7370]",2021-01-29T09:35:40,3261.6,3189.6,0.3,35,1147936301,,0.993553,0.995288,0.867742,0.0193847,,,,,,
openml.org/t/190412,arcene,H2OAutoML_pull_5274,1h8c,2,0.916667,auc,aws,3.33.0.99999,"{'_save_artifacts': ['leaderboard', 'logs', 'model_predictions', 'models[binary]', 'models[json]'], 'verbosity': 'debug'}","dev [master, 24f7370]",2021-01-29T09:35:59,3319.4,3206,0.5,152,437619951,,0.9,0.916667,0.875,3.86332,,,,,,
openml.org/t/146818,Australian,H2OAutoML_pull_5274,1h8c,2,0.927844,auc,aws,3.33.0.99999,"{'_save_artifacts': ['leaderboard', 'logs', 'model_predictions', 'models[binary]', 'models[json]'], 'verbosity': 'debug'}","dev [master, 24f7370]",2021-01-29T09:23:04,2461.2,2432.7,0.2,76,437619951,,0.826087,0.927844,0.833192,0.360416,,,,,,
openml.org/t/146818,Australian,H2OAutoML_pull_5274_exclude_dl,1h8c,2,0.920204,auc,aws,3.33.0.99999,"{'exclude_algos': ['DeepLearning'], '_save_artifacts': ['leaderboard', 'logs', 'model_predictions', 'models[binary]', 'models[json]'], 'verbosity': 'debug'}","dev [master, 24f7370]",2021-01-29T08:43:08,49.2,28.1,0.2,31,1147936301,,0.869565,0.920204,0.869694,0.358419,,,,,,
openml.org/t/14965,bank-marketing,H2OAutoML_pull_5274,1h8c,2,0.943435,auc,aws,3.33.0.99999,"{'_save_artifacts': ['leaderboard', 'logs', 'model_predictions', 'models[binary]', 'models[json]'], 'verbosity': 'debug'}","dev [master, 24f7370]",2021-01-29T09:33:56,3095.8,3019.4,0.8,140,437619951,,0.875249,0.943435,0.864584,0.221934,,,,,,
openml.org/t/14965,bank-marketing,H2OAutoML_pull_5274_exclude_dl,1h8c,2,0.94543,auc,aws,3.33.0.99999,"{'exclude_algos': ['DeepLearning'], '_save_artifacts': ['leaderboard', 'logs', 'model_predictions', 'models[binary]', 'models[json]'], 'verbosity': 'debug'}","dev [master, 24f7370]",2021-01-29T09:05:40,1375.2,1321.3,0.5,86,1147936301,,0.906658,0.94543,0.838914,0.201618,,,,,,
openml.org/t/190411,ada,H2OAutoML_pull_5274,1h8c,3,0.927573,auc,aws,3.33.0.99999,"{'_save_artifacts': ['leaderboard', 'logs', 'model_predictions', 'models[binary]', 'models[json]'], 'verbosity': 'debug'}","dev [master, 24f7370]",2021-01-29T09:20:09,2476.6,2449.9,0,60,437619952,,0.857831,0.927573,0.788384,0.293077,,,,,,
openml.org/t/190411,ada,H2OAutoML_pull_5274_exclude_dl,1h8c,3,0.920836,auc,aws,3.33.0.99999,"{'exclude_algos': ['DeepLearning'], '_save_artifacts': ['leaderboard', 'logs', 'model_predictions', 'models[binary]', 'models[json]'], 'verbosity': 'debug'}","dev [master, 24f7370]",2021-01-29T08:42:17,141.8,115.9,0.1,53,1147936302,,0.86988,0.920836,0.812656,0.302175,,,,,,
openml.org/t/7592,adult,H2OAutoML_pull_5274,1h8c,3,0.925594,auc,aws,3.33.0.99999,"{'_save_artifacts': ['leaderboard', 'logs', 'model_predictions', 'models[binary]', 'models[json]'], 'verbosity': 'debug'}","dev [master, 24f7370]",2021-01-29T09:31:29,3103.7,3022.5,0.2,150,437619952,,0.864865,0.925594,0.815504,0.283226,,,,,,
openml.org/t/7592,adult,H2OAutoML_pull_5274_exclude_dl,1h8c,3,0.927232,auc,aws,3.33.0.99999,"{'exclude_algos': ['DeepLearning'], '_save_artifacts': ['leaderboard', 'logs', 'model_predictions', 'models[binary]', 'models[json]'], 'verbosity': 'debug'}","dev [master, 24f7370]",2021-01-29T08:55:43,936.1,884.4,0.5,73,1147936302,,0.865889,0.927232,0.818232,0.298307,,,,,,
openml.org/t/189354,Airlines,H2OAutoML_pull_5274,1h8c,3,0.732975,auc,aws,3.33.0.99999,"{'_save_artifacts': ['leaderboard', 'logs', 'model_predictions', 'models[binary]', 'models[json]'], 'verbosity': 'debug'}","dev [master, 24f7370]",2021-01-29T09:36:33,3444.3,3329.5,3.1,37,437619952,,0.614391,0.732975,0.636711,0.59816,,,,,,
openml.org/t/189354,Airlines,H2OAutoML_pull_5274_exclude_dl,1h8c,3,0.732703,auc,aws,3.33.0.99999,"{'exclude_algos': ['DeepLearning'], '_save_artifacts': ['leaderboard', 'logs', 'model_predictions', 'models[binary]', 'models[json]'], 'verbosity': 'debug'}","dev [master, 24f7370]",2021-01-29T09:36:13,3307.6,3197.3,2.7,37,1147936302,,0.615373,0.732703,0.637184,0.598382,,,,,,
openml.org/t/189356,Albert,H2OAutoML_pull_5274,1h8c,3,0.743741,auc,aws,3.33.0.99999,"{'_save_artifacts': ['leaderboard', 'logs', 'model_predictions', 'models[binary]', 'models[json]'], 'verbosity': 'debug'}","dev [master, 24f7370]",2021-01-29T09:50:51,4226,3861.7,2.2,12,437619952,,0.651703,0.743741,0.651703,0.597069,,,,,,
openml.org/t/189356,Albert,H2OAutoML_pull_5274_exclude_dl,1h8c,3,0.761889,auc,aws,3.33.0.99999,"{'exclude_algos': ['DeepLearning'], '_save_artifacts': ['leaderboard', 'logs', 'model_predictions', 'models[binary]', 'models[json]'], 'verbosity': 'debug'}","dev [master, 24f7370]",2021-01-29T09:41:36,3663.8,3298.3,2.5,18,1147936302,,0.671292,0.761889,0.671292,0.581386,,,,,,
openml.org/t/34539,Amazon_employee_access,H2OAutoML_pull_5274,1h8c,3,0.867663,auc,aws,3.33.0.99999,"{'_save_artifacts': ['leaderboard', 'logs', 'model_predictions', 'models[binary]', 'models[json]'], 'verbosity': 'debug'}","dev [master, 24f7370]",2021-01-29T09:35:34,3324.6,3194,0.9,166,437619952,,0.951175,0.867663,0.633279,0.149299,,,,,,
openml.org/t/34539,Amazon_employee_access,H2OAutoML_pull_5274_exclude_dl,1h8c,3,0.876988,auc,aws,3.33.0.99999,"{'exclude_algos': ['DeepLearning'], '_save_artifacts': ['leaderboard', 'logs', 'model_predictions', 'models[binary]', 'models[json]'], 'verbosity': 'debug'}","dev [master, 24f7370]",2021-01-29T09:35:52,3209.7,3084.5,0.5,263,1147936302,,0.95148,0.876988,0.660606,0.148953,,,,,,
openml.org/t/168868,APSFailure,H2OAutoML_pull_5274,1h8c,3,0.987241,auc,aws,3.33.0.99999,"{'_save_artifacts': ['leaderboard', 'logs', 'model_predictions', 'models[binary]', 'models[json]'], 'verbosity': 'debug'}","dev [master, 24f7370]",2021-01-29T09:37:50,3450.4,3382.5,0.3,34,437619952,,0.994868,0.987241,0.911404,0.0167296,,,,,,
openml.org/t/168868,APSFailure,H2OAutoML_pull_5274_exclude_dl,1h8c,3,0.991134,auc,aws,3.33.0.99999,"{'exclude_algos': ['DeepLearning'], '_save_artifacts': ['leaderboard', 'logs', 'model_predictions', 'models[binary]', 'models[json]'], 'verbosity': 'debug'}","dev [master, 24f7370]",2021-01-29T09:35:41,3260.2,3190,0.3,34,1147936302,,0.995395,0.991134,0.915254,0.0164625,,,,,,
openml.org/t/190412,arcene,H2OAutoML_pull_5274,1h8c,3,0.791667,auc,aws,3.33.0.99999,"{'_save_artifacts': ['leaderboard', 'logs', 'model_predictions', 'models[binary]', 'models[json]'], 'verbosity': 'debug'}","dev [master, 24f7370]",2021-01-29T09:32:47,3111.8,3059.4,0.3,48,437619952,,0.8,0.791667,0.75,0.7506,,,,,,
openml.org/t/190412,arcene,H2OAutoML_pull_5274_exclude_dl,1h8c,3,0.791667,auc,aws,3.33.0.99999,"{'exclude_algos': ['DeepLearning'], '_save_artifacts': ['leaderboard', 'logs', 'model_predictions', 'models[binary]', 'models[json]'], 'verbosity': 'debug'}","dev [master, 24f7370]",2021-01-29T09:27:49,2754.8,2700.7,0.6,59,1147936302,,0.8,0.791667,0.75,0.509061,,,,,,
openml.org/t/146818,Australian,H2OAutoML_pull_5274,1h8c,3,0.929542,auc,aws,3.33.0.99999,"{'_save_artifacts': ['leaderboard', 'logs', 'model_predictions', 'models[binary]', 'models[json]'], 'verbosity': 'debug'}","dev [master, 24f7370]",2021-01-29T09:23:40,2446.1,2418,0.2,72,437619952,,0.826087,0.929542,0.830221,0.357988,,,,,,
openml.org/t/146818,Australian,H2OAutoML_pull_5274_exclude_dl,1h8c,3,0.925297,auc,aws,3.33.0.99999,"{'exclude_algos': ['DeepLearning'], '_save_artifacts': ['leaderboard', 'logs', 'model_predictions', 'models[binary]', 'models[json]'], 'verbosity': 'debug'}","dev [master, 24f7370]",2021-01-29T08:42:58,49.6,29,0.3,33,1147936302,,0.826087,0.925297,0.82725,0.364202,,,,,,
openml.org/t/14965,bank-marketing,H2OAutoML_pull_5274,1h8c,3,0.935404,auc,aws,3.33.0.99999,"{'_save_artifacts': ['leaderboard', 'logs', 'model_predictions', 'models[binary]', 'models[json]'], 'verbosity': 'debug'}","dev [master, 24f7370]",2021-01-29T09:38:15,3299.6,3215.5,0.2,164,437619952,,0.900686,0.935404,0.833072,0.213769,,,,,,
openml.org/t/14965,bank-marketing,H2OAutoML_pull_5274_exclude_dl,1h8c,3,0.937325,auc,aws,3.33.0.99999,"{'exclude_algos': ['DeepLearning'], '_save_artifacts': ['leaderboard', 'logs', 'model_predictions', 'models[binary]', 'models[json]'], 'verbosity': 'debug'}","dev [master, 24f7370]",2021-01-29T09:19:37,2204.4,2125.5,0.7,157,1147936302,,0.89582,0.937325,0.840976,0.211533,,,,,,
openml.org/t/190411,ada,H2OAutoML_pull_5274,1h8c,4,0.94349,auc,aws,3.33.0.99999,"{'_save_artifacts': ['leaderboard', 'logs', 'model_predictions', 'models[binary]', 'models[json]'], 'verbosity': 'debug'}","dev [master, 24f7370]",2021-01-29T09:20:09,2489.2,2461.6,0.2,57,437619953,,0.886747,0.94349,0.895413,0.259402,,,,,,
openml.org/t/190411,ada,H2OAutoML_pull_5274_exclude_dl,1h8c,4,0.942619,auc,aws,3.33.0.99999,"{'exclude_algos': ['DeepLearning'], '_save_artifacts': ['leaderboard', 'logs', 'model_predictions', 'models[binary]', 'models[json]'], 'verbosity': 'debug'}","dev [master, 24f7370]",2021-01-29T08:42:59,111.6,87.3,0.3,40,1147936303,,0.884337,0.942619,0.877552,0.261849,,,,,,
openml.org/t/7592,adult,H2OAutoML_pull_5274,1h8c,4,0.926544,auc,aws,3.33.0.99999,"{'_save_artifacts': ['leaderboard', 'logs', 'model_predictions', 'models[binary]', 'models[json]'], 'verbosity': 'debug'}","dev [master, 24f7370]",2021-01-29T09:33:11,3208.2,3118,0.3,181,437619953,,0.865274,0.926544,0.812545,0.296722,,,,,,
openml.org/t/7592,adult,H2OAutoML_pull_5274_exclude_dl,1h8c,4,0.927486,auc,aws,3.33.0.99999,"{'exclude_algos': ['DeepLearning'], '_save_artifacts': ['leaderboard', 'logs', 'model_predictions', 'models[binary]', 'models[json]'], 'verbosity': 'debug'}","dev [master, 24f7370]",2021-01-29T09:11:02,1877.8,1800.1,0.8,143,1147936303,,0.861589,0.927486,0.819809,0.295888,,,,,,
openml.org/t/189354,Airlines,H2OAutoML_pull_5274,1h8c,4,0.729068,auc,aws,3.33.0.99999,"{'_save_artifacts': ['leaderboard', 'logs', 'model_predictions', 'models[binary]', 'models[json]'], 'verbosity': 'debug'}","dev [master, 24f7370]",2021-01-29T09:37:02,3439.1,3322.8,4,37,437619953,,0.611128,0.729068,0.633823,0.600665,,,,,,
openml.org/t/189354,Airlines,H2OAutoML_pull_5274_exclude_dl,1h8c,4,0.729721,auc,aws,3.33.0.99999,"{'exclude_algos': ['DeepLearning'], '_save_artifacts': ['leaderboard', 'logs', 'model_predictions', 'models[binary]', 'models[json]'], 'verbosity': 'debug'}","dev [master, 24f7370]",2021-01-29T09:37:49,3321.6,3200.5,3.8,38,1147936303,,0.617079,0.729721,0.637985,0.600106,,,,,,
openml.org/t/189356,Albert,H2OAutoML_pull_5274,1h8c,4,0.746905,auc,aws,3.33.0.99999,"{'_save_artifacts': ['leaderboard', 'logs', 'model_predictions', 'models[binary]', 'models[json]'], 'verbosity': 'debug'}","dev [master, 24f7370]",2021-01-29T09:47:59,4065.2,3710.8,2.1,12,437619953,,0.649798,0.746905,0.649798,0.594348,,,,,,
openml.org/t/189356,Albert,H2OAutoML_pull_5274_exclude_dl,1h8c,4,0.768061,auc,aws,3.33.0.99999,"{'exclude_algos': ['DeepLearning'], '_save_artifacts': ['leaderboard', 'logs', 'model_predictions', 'models[binary]', 'models[json]'], 'verbosity': 'debug'}","dev [master, 24f7370]",2021-01-29T09:42:25,3674.5,3297.9,2.9,18,1147936303,,0.669857,0.768061,0.669857,0.575892,,,,,,
openml.org/t/34539,Amazon_employee_access,H2OAutoML_pull_5274,1h8c,4,0.87873,auc,aws,3.33.0.99999,"{'_save_artifacts': ['leaderboard', 'logs', 'model_predictions', 'models[binary]', 'models[json]'], 'verbosity': 'debug'}","dev [master, 24f7370]",2021-01-29T09:36:46,3356,3239.8,3.2,201,437619953,,0.958804,0.87873,0.731173,0.13675,,,,,,
openml.org/t/34539,Amazon_employee_access,H2OAutoML_pull_5274_exclude_dl,1h8c,4,0.878288,auc,aws,3.33.0.99999,"{'exclude_algos': ['DeepLearning'], '_save_artifacts': ['leaderboard', 'logs', 'model_predictions', 'models[binary]', 'models[json]'], 'verbosity': 'debug'}","dev [master, 24f7370]",2021-01-29T09:34:14,3204,3085,0.8,260,1147936303,,0.96094,0.878288,0.744655,0.135254,,,,,,
openml.org/t/168868,APSFailure,H2OAutoML_pull_5274,1h8c,4,0.988857,auc,aws,3.33.0.99999,"{'_save_artifacts': ['leaderboard', 'logs', 'model_predictions', 'models[binary]', 'models[json]'], 'verbosity': 'debug'}","dev [master, 24f7370]",2021-01-29T09:36:56,3381.9,3310.9,0.3,35,437619953,,0.994605,0.988857,0.932766,0.0181719,,,,,,
openml.org/t/168868,APSFailure,H2OAutoML_pull_5274_exclude_dl,1h8c,4,0.990467,auc,aws,3.33.0.99999,"{'exclude_algos': ['DeepLearning'], '_save_artifacts': ['leaderboard', 'logs', 'model_predictions', 'models[binary]', 'models[json]'], 'verbosity': 'debug'}","dev [master, 24f7370]",2021-01-29T09:35:46,3245.7,3177.8,0.3,31,1147936303,,0.995658,0.990467,0.929719,0.0155299,,,,,,
openml.org/t/190412,arcene,H2OAutoML_pull_5274,1h8c,4,1,auc,aws,3.33.0.99999,"{'_save_artifacts': ['leaderboard', 'logs', 'model_predictions', 'models[binary]', 'models[json]'], 'verbosity': 'debug'}","dev [master, 24f7370]",2021-01-29T09:35:35,3275.7,3161.8,1.8,142,437619953,,0.9,1,0.916667,0.298442,,,,,,
openml.org/t/190412,arcene,H2OAutoML_pull_5274_exclude_dl,1h8c,4,1,auc,aws,3.33.0.99999,"{'exclude_algos': ['DeepLearning'], '_save_artifacts': ['leaderboard', 'logs', 'model_predictions', 'models[binary]', 'models[json]'], 'verbosity': 'debug'}","dev [master, 24f7370]",2021-01-29T09:05:34,1413.9,1368.7,0.6,27,1147936303,,0.9,1,0.875,0.36576,,,,,,
openml.org/t/146818,Australian,H2OAutoML_pull_5274_exclude_dl,1h8c,4,0.943973,auc,aws,3.33.0.99999,"{'exclude_algos': ['DeepLearning'], '_save_artifacts': ['leaderboard', 'logs', 'model_predictions', 'models[binary]', 'models[json]'], 'verbosity': 'debug'}","dev [master, 24f7370]",2021-01-29T08:43:12,52.2,30.1,0.2,34,1147936303,,0.884058,0.943973,0.882852,0.290863,,,,,,
openml.org/t/14965,bank-marketing,H2OAutoML_pull_5274,1h8c,4,0.940505,auc,aws,3.33.0.99999,"{'_save_artifacts': ['leaderboard', 'logs', 'model_predictions', 'models[binary]', 'models[json]'], 'verbosity': 'debug'}","dev [master, 24f7370]",2021-01-29T09:37:14,3280.7,3195.2,0.6,170,437619953,,0.895156,0.940505,0.846339,0.217401,,,,,,
openml.org/t/14965,bank-marketing,H2OAutoML_pull_5274_exclude_dl,1h8c,4,0.941842,auc,aws,3.33.0.99999,"{'exclude_algos': ['DeepLearning'], '_save_artifacts': ['leaderboard', 'logs', 'model_predictions', 'models[binary]', 'models[json]'], 'verbosity': 'debug'}","dev [master, 24f7370]",2021-01-29T09:20:27,1916.1,1837.1,0.5,133,1147936303,,0.898916,0.941842,0.82961,0.209024,,,,,,